a, a, a
Cilveks, a@a.lv, 12345678
iiiiiiii, renarts.gv@gmail.com, 123456789
ccccdf, csad@c.lv, 1234567843
applebananaorange, applebananaorange@outlook.com, qplm!@#$, 
peachmangostrawberry, peachmangostrawberry@gmail.com, xzro!@#$, 
kiwiorangepear, kiwiorangepear@yahoo.com, gjpv!@#$, 
peargrapekiwi, peargrapekiwi@hotmail.com, zqsi!@#$, 
peachmangobanana, peachmangobanana@outlook.com, hqxm!@#$, 
pineapplemangobanana, pineapplemangobanana@gmail.com, tmfs!@#$, 
orangegrapeapple, orangegrapeapple@yahoo.com, dtie!@#$, 
pearkiwistrawberry, pearkiwistrawberry@hotmail.com, wujv!@#$, 
pearorangestrawberry, pearorangestrawberry@gmail.com, wrkb!@#$, 
peachmangopear, peachmangopear@yahoo.com, wuey!@#$
